[
  {
    "error": "Error",
    "currentMoviesList": [],
    "currentUser": null
  },
  {
    "error": null,
    "currentMoviesList": [],
    "currentUser": {
      "credentials": {
        "name": "Ramsi",
        "password": "numiplacevelea",
        "accountType": "standard",
        "country": "Ireland",
        "balance": "300"
      },
      "tokensCount": 0,
      "numFreePremiumMovies": 15,
      "purchasedMovies": [],
      "watchedMovies": [],
      "likedMovies": [],
      "ratedMovies": []
    }
  },
  {
    "error": "Error",
    "currentMoviesList": [],
    "currentUser": null
  },
  {
    "error": "Error",
    "currentMoviesList": [],
    "currentUser": null
  },
  {
    "error": "Error",
    "currentMoviesList": [],
    "currentUser": null
  },
  {
    "error": null,
    "currentMoviesList": [],
    "currentUser": {
      "credentials": {
        "name": "Eduard",
        "password": "secret",
        "accountType": "standard",
        "country": "Romania",
        "balance": "50"
      },
      "tokensCount": 0,
      "numFreePremiumMovies": 15,
      "purchasedMovies": [],
      "watchedMovies": [],
      "likedMovies": [],
      "ratedMovies": []
    }
  }
]