[
  {
    "error": "Error",
    "currentMoviesList": [],
    "currentUser": null
  },
  {
    "error": "Error",
    "currentMoviesList": [],
    "currentUser": null
  },
  {
    "error": "Error",
    "currentMoviesList": [],
    "currentUser": null
  },
  {
    "error": null,
    "currentMoviesList": [],
    "currentUser": {
      "credentials": {
        "name": "Iancu",
        "password": "corega",
        "accountType": "standard",
        "country": "Japan",
        "balance": "50"
      },
      "tokensCount": 0,
      "numFreePremiumMovies": 15,
      "purchasedMovies": [],
      "watchedMovies": [],
      "likedMovies": [],
      "ratedMovies": []
    }
  },
  {
    "error": null,
    "currentMoviesList": [
      {
        "name": "Lord, Save Us from Your Followers",
        "year": 1998,
        "duration": 125,
        "genres": [
          "Comedy",
          "Western",
          "Mystery"
        ],
        "actors": [
          "Camey Ingold",
          "Grace Volleth",
          "Jermaine D'Ruel",
          "Anselma Saxelby"
        ],
        "countriesBanned": [
          "Russia",
          "Saudi Arabia",
          "Zimbabwe"
        ],
        "numLikes": 0,
        "rating": 0,
        "numRatings": 0
      },
      {
        "name": "Take the Money and Run",
        "year": 2006,
        "duration": 134,
        "genres": [
          "Thriller",
          "Western",
          "Mystery"
        ],
        "actors": [
          "Hailey Evequot",
          "Fenelia Maryott",
          "Gloriane Haughton",
          "Evvie Asbery",
          "Camey Ingold"
        ],
        "countriesBanned": [
          "Indonesia",
          "China",
          "India"
        ],
        "numLikes": 0,
        "rating": 0,
        "numRatings": 0
      },
      {
        "name": "Penelope",
        "year": 2008,
        "duration": 166,
        "genres": [
          "Fantasy",
          "Drama",
          "Thriller"
        ],
        "actors": [
          "Elnore Neild",
          "Gay Cobbing",
          "Guntar Holton",
          "Merry Troni"
        ],
        "countriesBanned": [
          "Azerbaijan",
          "China",
          "India"
        ],
        "numLikes": 0,
        "rating": 0,
        "numRatings": 0
      },
      {
        "name": "Kiwi!",
        "year": 2002,
        "duration": 82,
        "genres": [
          "Western",
          "Mystery",
          "Romance"
        ],
        "actors": [
          "Carleen Pidgeon",
          "Lois Gibling",
          "Colver Corss",
          "Mora Piotrkowski"
        ],
        "countriesBanned": [
          "Brazil",
          "China",
          "Russia"
        ],
        "numLikes": 0,
        "rating": 0,
        "numRatings": 0
      },
      {
        "name": "Little Foxes, The",
        "year": 1999,
        "duration": 128,
        "genres": [
          "Horror",
          "Action",
          "Thriller"
        ],
        "actors": [
          "Coleen Verheijden",
          "Dean McCooke",
          "Melamie Griswaite",
          "Clementine Loding"
        ],
        "countriesBanned": [
          "Brazil",
          "Philippines",
          "Poland"
        ],
        "numLikes": 0,
        "rating": 0,
        "numRatings": 0
      },
      {
        "name": "The Empty Hours",
        "year": 2003,
        "duration": 106,
        "genres": [
          "Fantasy",
          "Thriller",
          "Mystery"
        ],
        "actors": [
          "Holly Sandbrook",
          "Phyllys Lindsell",
          "Bendick Bointon",
          "Dani Duigenan",
          "Camey Ingold"
        ],
        "countriesBanned": [
          "Indonesia",
          "Brazil",
          "Uganda"
        ],
        "numLikes": 0,
        "rating": 0,
        "numRatings": 0
      },
      {
        "name": "Jason's Lyric",
        "year": 1994,
        "duration": 103,
        "genres": [
          "Drama",
          "Mystery",
          "Western"
        ],
        "actors": [
          "Hoebart Lipscomb",
          "Romain Fehners",
          "Sam Restall",
          "Tildy Kenaway"
        ],
        "countriesBanned": [
          "Romania",
          "China",
          "Finland"
        ],
        "numLikes": 0,
        "rating": 0,
        "numRatings": 0
      },
      {
        "name": "Comet in Moominland",
        "year": 2000,
        "duration": 91,
        "genres": [
          "Mystery",
          "Horror",
          "Western"
        ],
        "actors": [
          "Bertina Kemshell",
          "Marshall Bysshe",
          "Dexter Rickaert",
          "Zack Brandel"
        ],
        "countriesBanned": [
          "Brazil",
          "China",
          "Colombia"
        ],
        "numLikes": 0,
        "rating": 0,
        "numRatings": 0
      },
      {
        "name": "Bag It",
        "year": 2008,
        "duration": 149,
        "genres": [
          "Drama",
          "Horror",
          "Fantasy"
        ],
        "actors": [
          "Rivy Aitken",
          "Farra Simnor",
          "Korie Sager",
          "Pauli Stapford"
        ],
        "countriesBanned": [
          "China",
          "Sweden",
          "Finland"
        ],
        "numLikes": 0,
        "rating": 0,
        "numRatings": 0
      },
      {
        "name": "Shaolin Temple (Shao Lin si)",
        "year": 1987,
        "duration": 135,
        "genres": [
          "Horror",
          "Western",
          "Drama"
        ],
        "actors": [
          "Dallon Audenis",
          "Anica Wrigley",
          "Perrine Baskwell",
          "Pammie Bowmaker"
        ],
        "countriesBanned": [
          "China",
          "Norway",
          "United States"
        ],
        "numLikes": 0,
        "rating": 0,
        "numRatings": 0
      },
      {
        "name": "Belphecor: Curse of the Mummy (Belphégor - Le fantôme du Louvre)",
        "year": 1988,
        "duration": 178,
        "genres": [
          "Drama",
          "Comedy",
          "Fantasy"
        ],
        "actors": [
          "Florella Snoday",
          "Obie Dowsing",
          "Lynnea Denington",
          "Chrystal Evreux"
        ],
        "countriesBanned": [
          "China",
          "Sweden",
          "Costa Rica"
        ],
        "numLikes": 0,
        "rating": 0,
        "numRatings": 0
      },
      {
        "name": "Endangered Species",
        "year": 1994,
        "duration": 79,
        "genres": [
          "Mystery",
          "Fantasy",
          "Drama"
        ],
        "actors": [
          "Morry Lunny",
          "Freda Werrett",
          "Jewel Gareisr",
          "Carine Cucinotta"
        ],
        "countriesBanned": [
          "France",
          "South Africa",
          "Indonesia"
        ],
        "numLikes": 0,
        "rating": 0,
        "numRatings": 0
      },
      {
        "name": "Celluloid Closet, The",
        "year": 2002,
        "duration": 155,
        "genres": [
          "Comedy",
          "Thriller",
          "Horror"
        ],
        "actors": [
          "Betta MacAughtrie",
          "Miltie Vousden",
          "Rand Eliasson",
          "Calypso Jamson"
        ],
        "countriesBanned": [
          "Indonesia",
          "Argentina",
          "China"
        ],
        "numLikes": 0,
        "rating": 0,
        "numRatings": 0
      },
      {
        "name": "As You Like It",
        "year": 1999,
        "duration": 91,
        "genres": [
          "Romance",
          "Horror",
          "Thriller"
        ],
        "actors": [
          "Maureene Elks",
          "Amber McGilbon",
          "Lora Doelle",
          "Blondelle Spyvye"
        ],
        "countriesBanned": [
          "China",
          "Venezuela",
          "India"
        ],
        "numLikes": 0,
        "rating": 0,
        "numRatings": 0
      },
      {
        "name": "The Well-Digger's Daughter",
        "year": 1994,
        "duration": 141,
        "genres": [
          "Comedy",
          "Mystery",
          "Drama"
        ],
        "actors": [
          "Fallon Sutcliff",
          "Maribeth Penas",
          "Codee Hooks",
          "Rubia Cotilard"
        ],
        "countriesBanned": [
          "China",
          "South Africa",
          "India"
        ],
        "numLikes": 0,
        "rating": 0,
        "numRatings": 0
      },
      {
        "name": "Mistress",
        "year": 2012,
        "duration": 146,
        "genres": [
          "Thriller",
          "Drama",
          "Fantasy"
        ],
        "actors": [
          "Maighdiln Moroney",
          "Robinett Fennick",
          "Candice Hacquel",
          "Arlene Challoner"
        ],
        "countriesBanned": [
          "Greece",
          "Czech Republic",
          "Malaysia"
        ],
        "numLikes": 0,
        "rating": 0,
        "numRatings": 0
      },
      {
        "name": "Indiana Jones and the Temple of Doom",
        "year": 2012,
        "duration": 88,
        "genres": [
          "Drama",
          "Comedy",
          "Mystery"
        ],
        "actors": [
          "Samuel Murtell",
          "Ansel Ryburn",
          "Rickert Farmery",
          "Ernst Malcher"
        ],
        "countriesBanned": [
          "Nigeria",
          "Lithuania",
          "Burkina Faso"
        ],
        "numLikes": 0,
        "rating": 0,
        "numRatings": 0
      }
    ],
    "currentUser": {
      "credentials": {
        "name": "Iancu",
        "password": "corega",
        "accountType": "standard",
        "country": "Japan",
        "balance": "50"
      },
      "tokensCount": 0,
      "numFreePremiumMovies": 15,
      "purchasedMovies": [],
      "watchedMovies": [],
      "likedMovies": [],
      "ratedMovies": []
    }
  },
  {
    "error": null,
    "currentMoviesList": [
      {
        "name": "Lord, Save Us from Your Followers",
        "year": 1998,
        "duration": 125,
        "genres": [
          "Comedy",
          "Western",
          "Mystery"
        ],
        "actors": [
          "Camey Ingold",
          "Grace Volleth",
          "Jermaine D'Ruel",
          "Anselma Saxelby"
        ],
        "countriesBanned": [
          "Russia",
          "Saudi Arabia",
          "Zimbabwe"
        ],
        "numLikes": 0,
        "rating": 0,
        "numRatings": 0
      },
      {
        "name": "My Sassy Girl",
        "year": 2005,
        "duration": 125,
        "genres": [
          "Comedy",
          "Mystery",
          "Fantasy"
        ],
        "actors": [
          "Mabel MacAless",
          "Iggy MacUchadair",
          "Arni Harrow",
          "Reg Kelleher",
          "Camey Ingold"
        ],
        "countriesBanned": [
          "Dominican Republic",
          "Indonesia",
          "Japan"
        ],
        "numLikes": 0,
        "rating": 0,
        "numRatings": 0
      },
      {
        "name": "Take the Money and Run",
        "year": 2006,
        "duration": 134,
        "genres": [
          "Thriller",
          "Western",
          "Mystery"
        ],
        "actors": [
          "Hailey Evequot",
          "Fenelia Maryott",
          "Gloriane Haughton",
          "Evvie Asbery",
          "Camey Ingold"
        ],
        "countriesBanned": [
          "Indonesia",
          "China",
          "India"
        ],
        "numLikes": 0,
        "rating": 0,
        "numRatings": 0
      },
      {
        "name": "The Empty Hours",
        "year": 2003,
        "duration": 106,
        "genres": [
          "Fantasy",
          "Thriller",
          "Mystery"
        ],
        "actors": [
          "Holly Sandbrook",
          "Phyllys Lindsell",
          "Bendick Bointon",
          "Dani Duigenan",
          "Camey Ingold"
        ],
        "countriesBanned": [
          "Indonesia",
          "Brazil",
          "Uganda"
        ],
        "numLikes": 0,
        "rating": 0,
        "numRatings": 0
      }
    ],
    "currentUser": {
      "credentials": {
        "name": "Iancu",
        "password": "corega",
        "accountType": "standard",
        "country": "Japan",
        "balance": "50"
      },
      "tokensCount": 0,
      "numFreePremiumMovies": 15,
      "purchasedMovies": [],
      "watchedMovies": [],
      "likedMovies": [],
      "ratedMovies": []
    }
  },
  {
    "error": "Error",
    "currentMoviesList": [],
    "currentUser": null
  },
  {
    "error": null,
    "currentMoviesList": [
      {
        "name": "Little Foxes, The",
        "year": 1999,
        "duration": 128,
        "genres": [
          "Horror",
          "Action",
          "Thriller"
        ],
        "actors": [
          "Coleen Verheijden",
          "Dean McCooke",
          "Melamie Griswaite",
          "Clementine Loding"
        ],
        "countriesBanned": [
          "Brazil",
          "Philippines",
          "Poland"
        ],
        "numLikes": 0,
        "rating": 0,
        "numRatings": 0
      },
      {
        "name": "Comet in Moominland",
        "year": 2000,
        "duration": 91,
        "genres": [
          "Mystery",
          "Horror",
          "Western"
        ],
        "actors": [
          "Bertina Kemshell",
          "Marshall Bysshe",
          "Dexter Rickaert",
          "Zack Brandel"
        ],
        "countriesBanned": [
          "Brazil",
          "China",
          "Colombia"
        ],
        "numLikes": 0,
        "rating": 0,
        "numRatings": 0
      },
      {
        "name": "Bag It",
        "year": 2008,
        "duration": 149,
        "genres": [
          "Drama",
          "Horror",
          "Fantasy"
        ],
        "actors": [
          "Rivy Aitken",
          "Farra Simnor",
          "Korie Sager",
          "Pauli Stapford"
        ],
        "countriesBanned": [
          "China",
          "Sweden",
          "Finland"
        ],
        "numLikes": 0,
        "rating": 0,
        "numRatings": 0
      },
      {
        "name": "Shaolin Temple (Shao Lin si)",
        "year": 1987,
        "duration": 135,
        "genres": [
          "Horror",
          "Western",
          "Drama"
        ],
        "actors": [
          "Dallon Audenis",
          "Anica Wrigley",
          "Perrine Baskwell",
          "Pammie Bowmaker"
        ],
        "countriesBanned": [
          "China",
          "Norway",
          "United States"
        ],
        "numLikes": 0,
        "rating": 0,
        "numRatings": 0
      },
      {
        "name": "Celluloid Closet, The",
        "year": 2002,
        "duration": 155,
        "genres": [
          "Comedy",
          "Thriller",
          "Horror"
        ],
        "actors": [
          "Betta MacAughtrie",
          "Miltie Vousden",
          "Rand Eliasson",
          "Calypso Jamson"
        ],
        "countriesBanned": [
          "Indonesia",
          "Argentina",
          "China"
        ],
        "numLikes": 0,
        "rating": 0,
        "numRatings": 0
      },
      {
        "name": "As You Like It",
        "year": 1999,
        "duration": 91,
        "genres": [
          "Romance",
          "Horror",
          "Thriller"
        ],
        "actors": [
          "Maureene Elks",
          "Amber McGilbon",
          "Lora Doelle",
          "Blondelle Spyvye"
        ],
        "countriesBanned": [
          "China",
          "Venezuela",
          "India"
        ],
        "numLikes": 0,
        "rating": 0,
        "numRatings": 0
      }
    ],
    "currentUser": {
      "credentials": {
        "name": "Iancu",
        "password": "corega",
        "accountType": "standard",
        "country": "Japan",
        "balance": "50"
      },
      "tokensCount": 0,
      "numFreePremiumMovies": 15,
      "purchasedMovies": [],
      "watchedMovies": [],
      "likedMovies": [],
      "ratedMovies": []
    }
  },
  {
    "error": "Error",
    "currentMoviesList": [],
    "currentUser": null
  },
  {
    "error": null,
    "currentMoviesList": [],
    "currentUser": {
      "credentials": {
        "name": "Iancu",
        "password": "corega",
        "accountType": "standard",
        "country": "Japan",
        "balance": "50"
      },
      "tokensCount": 0,
      "numFreePremiumMovies": 15,
      "purchasedMovies": [],
      "watchedMovies": [],
      "likedMovies": [],
      "ratedMovies": []
    }
  },
  {
    "error": "Error",
    "currentMoviesList": [],
    "currentUser": null
  },
  {
    "error": "Error",
    "currentMoviesList": [],
    "currentUser": null
  },
  {
    "error": "Error",
    "currentMoviesList": [],
    "currentUser": null
  },
  {
    "error": null,
    "currentMoviesList": [
      {
        "name": "Lord, Save Us from Your Followers",
        "year": 1998,
        "duration": 125,
        "genres": [
          "Comedy",
          "Western",
          "Mystery"
        ],
        "actors": [
          "Camey Ingold",
          "Grace Volleth",
          "Jermaine D'Ruel",
          "Anselma Saxelby"
        ],
        "countriesBanned": [
          "Russia",
          "Saudi Arabia",
          "Zimbabwe"
        ],
        "numLikes": 0,
        "rating": 0,
        "numRatings": 0
      },
      {
        "name": "Take the Money and Run",
        "year": 2006,
        "duration": 134,
        "genres": [
          "Thriller",
          "Western",
          "Mystery"
        ],
        "actors": [
          "Hailey Evequot",
          "Fenelia Maryott",
          "Gloriane Haughton",
          "Evvie Asbery",
          "Camey Ingold"
        ],
        "countriesBanned": [
          "Indonesia",
          "China",
          "India"
        ],
        "numLikes": 0,
        "rating": 0,
        "numRatings": 0
      },
      {
        "name": "Penelope",
        "year": 2008,
        "duration": 166,
        "genres": [
          "Fantasy",
          "Drama",
          "Thriller"
        ],
        "actors": [
          "Elnore Neild",
          "Gay Cobbing",
          "Guntar Holton",
          "Merry Troni"
        ],
        "countriesBanned": [
          "Azerbaijan",
          "China",
          "India"
        ],
        "numLikes": 0,
        "rating": 0,
        "numRatings": 0
      },
      {
        "name": "Kiwi!",
        "year": 2002,
        "duration": 82,
        "genres": [
          "Western",
          "Mystery",
          "Romance"
        ],
        "actors": [
          "Carleen Pidgeon",
          "Lois Gibling",
          "Colver Corss",
          "Mora Piotrkowski"
        ],
        "countriesBanned": [
          "Brazil",
          "China",
          "Russia"
        ],
        "numLikes": 0,
        "rating": 0,
        "numRatings": 0
      },
      {
        "name": "Little Foxes, The",
        "year": 1999,
        "duration": 128,
        "genres": [
          "Horror",
          "Action",
          "Thriller"
        ],
        "actors": [
          "Coleen Verheijden",
          "Dean McCooke",
          "Melamie Griswaite",
          "Clementine Loding"
        ],
        "countriesBanned": [
          "Brazil",
          "Philippines",
          "Poland"
        ],
        "numLikes": 0,
        "rating": 0,
        "numRatings": 0
      },
      {
        "name": "The Empty Hours",
        "year": 2003,
        "duration": 106,
        "genres": [
          "Fantasy",
          "Thriller",
          "Mystery"
        ],
        "actors": [
          "Holly Sandbrook",
          "Phyllys Lindsell",
          "Bendick Bointon",
          "Dani Duigenan",
          "Camey Ingold"
        ],
        "countriesBanned": [
          "Indonesia",
          "Brazil",
          "Uganda"
        ],
        "numLikes": 0,
        "rating": 0,
        "numRatings": 0
      },
      {
        "name": "Jason's Lyric",
        "year": 1994,
        "duration": 103,
        "genres": [
          "Drama",
          "Mystery",
          "Western"
        ],
        "actors": [
          "Hoebart Lipscomb",
          "Romain Fehners",
          "Sam Restall",
          "Tildy Kenaway"
        ],
        "countriesBanned": [
          "Romania",
          "China",
          "Finland"
        ],
        "numLikes": 0,
        "rating": 0,
        "numRatings": 0
      },
      {
        "name": "Comet in Moominland",
        "year": 2000,
        "duration": 91,
        "genres": [
          "Mystery",
          "Horror",
          "Western"
        ],
        "actors": [
          "Bertina Kemshell",
          "Marshall Bysshe",
          "Dexter Rickaert",
          "Zack Brandel"
        ],
        "countriesBanned": [
          "Brazil",
          "China",
          "Colombia"
        ],
        "numLikes": 0,
        "rating": 0,
        "numRatings": 0
      },
      {
        "name": "Bag It",
        "year": 2008,
        "duration": 149,
        "genres": [
          "Drama",
          "Horror",
          "Fantasy"
        ],
        "actors": [
          "Rivy Aitken",
          "Farra Simnor",
          "Korie Sager",
          "Pauli Stapford"
        ],
        "countriesBanned": [
          "China",
          "Sweden",
          "Finland"
        ],
        "numLikes": 0,
        "rating": 0,
        "numRatings": 0
      },
      {
        "name": "Shaolin Temple (Shao Lin si)",
        "year": 1987,
        "duration": 135,
        "genres": [
          "Horror",
          "Western",
          "Drama"
        ],
        "actors": [
          "Dallon Audenis",
          "Anica Wrigley",
          "Perrine Baskwell",
          "Pammie Bowmaker"
        ],
        "countriesBanned": [
          "China",
          "Norway",
          "United States"
        ],
        "numLikes": 0,
        "rating": 0,
        "numRatings": 0
      },
      {
        "name": "Belphecor: Curse of the Mummy (Belphégor - Le fantôme du Louvre)",
        "year": 1988,
        "duration": 178,
        "genres": [
          "Drama",
          "Comedy",
          "Fantasy"
        ],
        "actors": [
          "Florella Snoday",
          "Obie Dowsing",
          "Lynnea Denington",
          "Chrystal Evreux"
        ],
        "countriesBanned": [
          "China",
          "Sweden",
          "Costa Rica"
        ],
        "numLikes": 0,
        "rating": 0,
        "numRatings": 0
      },
      {
        "name": "Endangered Species",
        "year": 1994,
        "duration": 79,
        "genres": [
          "Mystery",
          "Fantasy",
          "Drama"
        ],
        "actors": [
          "Morry Lunny",
          "Freda Werrett",
          "Jewel Gareisr",
          "Carine Cucinotta"
        ],
        "countriesBanned": [
          "France",
          "South Africa",
          "Indonesia"
        ],
        "numLikes": 0,
        "rating": 0,
        "numRatings": 0
      },
      {
        "name": "Celluloid Closet, The",
        "year": 2002,
        "duration": 155,
        "genres": [
          "Comedy",
          "Thriller",
          "Horror"
        ],
        "actors": [
          "Betta MacAughtrie",
          "Miltie Vousden",
          "Rand Eliasson",
          "Calypso Jamson"
        ],
        "countriesBanned": [
          "Indonesia",
          "Argentina",
          "China"
        ],
        "numLikes": 0,
        "rating": 0,
        "numRatings": 0
      },
      {
        "name": "As You Like It",
        "year": 1999,
        "duration": 91,
        "genres": [
          "Romance",
          "Horror",
          "Thriller"
        ],
        "actors": [
          "Maureene Elks",
          "Amber McGilbon",
          "Lora Doelle",
          "Blondelle Spyvye"
        ],
        "countriesBanned": [
          "China",
          "Venezuela",
          "India"
        ],
        "numLikes": 0,
        "rating": 0,
        "numRatings": 0
      },
      {
        "name": "The Well-Digger's Daughter",
        "year": 1994,
        "duration": 141,
        "genres": [
          "Comedy",
          "Mystery",
          "Drama"
        ],
        "actors": [
          "Fallon Sutcliff",
          "Maribeth Penas",
          "Codee Hooks",
          "Rubia Cotilard"
        ],
        "countriesBanned": [
          "China",
          "South Africa",
          "India"
        ],
        "numLikes": 0,
        "rating": 0,
        "numRatings": 0
      },
      {
        "name": "Mistress",
        "year": 2012,
        "duration": 146,
        "genres": [
          "Thriller",
          "Drama",
          "Fantasy"
        ],
        "actors": [
          "Maighdiln Moroney",
          "Robinett Fennick",
          "Candice Hacquel",
          "Arlene Challoner"
        ],
        "countriesBanned": [
          "Greece",
          "Czech Republic",
          "Malaysia"
        ],
        "numLikes": 0,
        "rating": 0,
        "numRatings": 0
      },
      {
        "name": "Indiana Jones and the Temple of Doom",
        "year": 2012,
        "duration": 88,
        "genres": [
          "Drama",
          "Comedy",
          "Mystery"
        ],
        "actors": [
          "Samuel Murtell",
          "Ansel Ryburn",
          "Rickert Farmery",
          "Ernst Malcher"
        ],
        "countriesBanned": [
          "Nigeria",
          "Lithuania",
          "Burkina Faso"
        ],
        "numLikes": 0,
        "rating": 0,
        "numRatings": 0
      }
    ],
    "currentUser": {
      "credentials": {
        "name": "Iancu",
        "password": "corega",
        "accountType": "standard",
        "country": "Japan",
        "balance": "50"
      },
      "tokensCount": 0,
      "numFreePremiumMovies": 15,
      "purchasedMovies": [],
      "watchedMovies": [],
      "likedMovies": [],
      "ratedMovies": []
    }
  },
  {
    "error": null,
    "currentMoviesList": [
      {
        "name": "Little Foxes, The",
        "year": 1999,
        "duration": 128,
        "genres": [
          "Horror",
          "Action",
          "Thriller"
        ],
        "actors": [
          "Coleen Verheijden",
          "Dean McCooke",
          "Melamie Griswaite",
          "Clementine Loding"
        ],
        "countriesBanned": [
          "Brazil",
          "Philippines",
          "Poland"
        ],
        "numLikes": 0,
        "rating": 0,
        "numRatings": 0
      }
    ],
    "currentUser": {
      "credentials": {
        "name": "Iancu",
        "password": "corega",
        "accountType": "standard",
        "country": "Japan",
        "balance": "50"
      },
      "tokensCount": 0,
      "numFreePremiumMovies": 15,
      "purchasedMovies": [],
      "watchedMovies": [],
      "likedMovies": [],
      "ratedMovies": []
    }
  },
  {
    "error": null,
    "currentMoviesList": [
      {
        "name": "Little Foxes, The",
        "year": 1999,
        "duration": 128,
        "genres": [
          "Horror",
          "Action",
          "Thriller"
        ],
        "actors": [
          "Coleen Verheijden",
          "Dean McCooke",
          "Melamie Griswaite",
          "Clementine Loding"
        ],
        "countriesBanned": [
          "Brazil",
          "Philippines",
          "Poland"
        ],
        "numLikes": 0,
        "rating": 0,
        "numRatings": 0
      }
    ],
    "currentUser": {
      "credentials": {
        "name": "Iancu",
        "password": "corega",
        "accountType": "standard",
        "country": "Japan",
        "balance": "50"
      },
      "tokensCount": 0,
      "numFreePremiumMovies": 15,
      "purchasedMovies": [],
      "watchedMovies": [],
      "likedMovies": [],
      "ratedMovies": []
    }
  },
  {
    "error": "Error",
    "currentMoviesList": [],
    "currentUser": null
  },
  {
    "error": "Error",
    "currentMoviesList": [],
    "currentUser": null
  },
  {
    "error": null,
    "currentMoviesList": [
      {
        "name": "Lord, Save Us from Your Followers",
        "year": 1998,
        "duration": 125,
        "genres": [
          "Comedy",
          "Western",
          "Mystery"
        ],
        "actors": [
          "Camey Ingold",
          "Grace Volleth",
          "Jermaine D'Ruel",
          "Anselma Saxelby"
        ],
        "countriesBanned": [
          "Russia",
          "Saudi Arabia",
          "Zimbabwe"
        ],
        "numLikes": 0,
        "rating": 0,
        "numRatings": 0
      },
      {
        "name": "Take the Money and Run",
        "year": 2006,
        "duration": 134,
        "genres": [
          "Thriller",
          "Western",
          "Mystery"
        ],
        "actors": [
          "Hailey Evequot",
          "Fenelia Maryott",
          "Gloriane Haughton",
          "Evvie Asbery",
          "Camey Ingold"
        ],
        "countriesBanned": [
          "Indonesia",
          "China",
          "India"
        ],
        "numLikes": 0,
        "rating": 0,
        "numRatings": 0
      },
      {
        "name": "Penelope",
        "year": 2008,
        "duration": 166,
        "genres": [
          "Fantasy",
          "Drama",
          "Thriller"
        ],
        "actors": [
          "Elnore Neild",
          "Gay Cobbing",
          "Guntar Holton",
          "Merry Troni"
        ],
        "countriesBanned": [
          "Azerbaijan",
          "China",
          "India"
        ],
        "numLikes": 0,
        "rating": 0,
        "numRatings": 0
      },
      {
        "name": "Kiwi!",
        "year": 2002,
        "duration": 82,
        "genres": [
          "Western",
          "Mystery",
          "Romance"
        ],
        "actors": [
          "Carleen Pidgeon",
          "Lois Gibling",
          "Colver Corss",
          "Mora Piotrkowski"
        ],
        "countriesBanned": [
          "Brazil",
          "China",
          "Russia"
        ],
        "numLikes": 0,
        "rating": 0,
        "numRatings": 0
      },
      {
        "name": "Little Foxes, The",
        "year": 1999,
        "duration": 128,
        "genres": [
          "Horror",
          "Action",
          "Thriller"
        ],
        "actors": [
          "Coleen Verheijden",
          "Dean McCooke",
          "Melamie Griswaite",
          "Clementine Loding"
        ],
        "countriesBanned": [
          "Brazil",
          "Philippines",
          "Poland"
        ],
        "numLikes": 0,
        "rating": 0,
        "numRatings": 0
      },
      {
        "name": "The Empty Hours",
        "year": 2003,
        "duration": 106,
        "genres": [
          "Fantasy",
          "Thriller",
          "Mystery"
        ],
        "actors": [
          "Holly Sandbrook",
          "Phyllys Lindsell",
          "Bendick Bointon",
          "Dani Duigenan",
          "Camey Ingold"
        ],
        "countriesBanned": [
          "Indonesia",
          "Brazil",
          "Uganda"
        ],
        "numLikes": 0,
        "rating": 0,
        "numRatings": 0
      },
      {
        "name": "Jason's Lyric",
        "year": 1994,
        "duration": 103,
        "genres": [
          "Drama",
          "Mystery",
          "Western"
        ],
        "actors": [
          "Hoebart Lipscomb",
          "Romain Fehners",
          "Sam Restall",
          "Tildy Kenaway"
        ],
        "countriesBanned": [
          "Romania",
          "China",
          "Finland"
        ],
        "numLikes": 0,
        "rating": 0,
        "numRatings": 0
      },
      {
        "name": "Comet in Moominland",
        "year": 2000,
        "duration": 91,
        "genres": [
          "Mystery",
          "Horror",
          "Western"
        ],
        "actors": [
          "Bertina Kemshell",
          "Marshall Bysshe",
          "Dexter Rickaert",
          "Zack Brandel"
        ],
        "countriesBanned": [
          "Brazil",
          "China",
          "Colombia"
        ],
        "numLikes": 0,
        "rating": 0,
        "numRatings": 0
      },
      {
        "name": "Bag It",
        "year": 2008,
        "duration": 149,
        "genres": [
          "Drama",
          "Horror",
          "Fantasy"
        ],
        "actors": [
          "Rivy Aitken",
          "Farra Simnor",
          "Korie Sager",
          "Pauli Stapford"
        ],
        "countriesBanned": [
          "China",
          "Sweden",
          "Finland"
        ],
        "numLikes": 0,
        "rating": 0,
        "numRatings": 0
      },
      {
        "name": "Shaolin Temple (Shao Lin si)",
        "year": 1987,
        "duration": 135,
        "genres": [
          "Horror",
          "Western",
          "Drama"
        ],
        "actors": [
          "Dallon Audenis",
          "Anica Wrigley",
          "Perrine Baskwell",
          "Pammie Bowmaker"
        ],
        "countriesBanned": [
          "China",
          "Norway",
          "United States"
        ],
        "numLikes": 0,
        "rating": 0,
        "numRatings": 0
      },
      {
        "name": "Belphecor: Curse of the Mummy (Belphégor - Le fantôme du Louvre)",
        "year": 1988,
        "duration": 178,
        "genres": [
          "Drama",
          "Comedy",
          "Fantasy"
        ],
        "actors": [
          "Florella Snoday",
          "Obie Dowsing",
          "Lynnea Denington",
          "Chrystal Evreux"
        ],
        "countriesBanned": [
          "China",
          "Sweden",
          "Costa Rica"
        ],
        "numLikes": 0,
        "rating": 0,
        "numRatings": 0
      },
      {
        "name": "Endangered Species",
        "year": 1994,
        "duration": 79,
        "genres": [
          "Mystery",
          "Fantasy",
          "Drama"
        ],
        "actors": [
          "Morry Lunny",
          "Freda Werrett",
          "Jewel Gareisr",
          "Carine Cucinotta"
        ],
        "countriesBanned": [
          "France",
          "South Africa",
          "Indonesia"
        ],
        "numLikes": 0,
        "rating": 0,
        "numRatings": 0
      },
      {
        "name": "Celluloid Closet, The",
        "year": 2002,
        "duration": 155,
        "genres": [
          "Comedy",
          "Thriller",
          "Horror"
        ],
        "actors": [
          "Betta MacAughtrie",
          "Miltie Vousden",
          "Rand Eliasson",
          "Calypso Jamson"
        ],
        "countriesBanned": [
          "Indonesia",
          "Argentina",
          "China"
        ],
        "numLikes": 0,
        "rating": 0,
        "numRatings": 0
      },
      {
        "name": "As You Like It",
        "year": 1999,
        "duration": 91,
        "genres": [
          "Romance",
          "Horror",
          "Thriller"
        ],
        "actors": [
          "Maureene Elks",
          "Amber McGilbon",
          "Lora Doelle",
          "Blondelle Spyvye"
        ],
        "countriesBanned": [
          "China",
          "Venezuela",
          "India"
        ],
        "numLikes": 0,
        "rating": 0,
        "numRatings": 0
      },
      {
        "name": "The Well-Digger's Daughter",
        "year": 1994,
        "duration": 141,
        "genres": [
          "Comedy",
          "Mystery",
          "Drama"
        ],
        "actors": [
          "Fallon Sutcliff",
          "Maribeth Penas",
          "Codee Hooks",
          "Rubia Cotilard"
        ],
        "countriesBanned": [
          "China",
          "South Africa",
          "India"
        ],
        "numLikes": 0,
        "rating": 0,
        "numRatings": 0
      },
      {
        "name": "Mistress",
        "year": 2012,
        "duration": 146,
        "genres": [
          "Thriller",
          "Drama",
          "Fantasy"
        ],
        "actors": [
          "Maighdiln Moroney",
          "Robinett Fennick",
          "Candice Hacquel",
          "Arlene Challoner"
        ],
        "countriesBanned": [
          "Greece",
          "Czech Republic",
          "Malaysia"
        ],
        "numLikes": 0,
        "rating": 0,
        "numRatings": 0
      },
      {
        "name": "Indiana Jones and the Temple of Doom",
        "year": 2012,
        "duration": 88,
        "genres": [
          "Drama",
          "Comedy",
          "Mystery"
        ],
        "actors": [
          "Samuel Murtell",
          "Ansel Ryburn",
          "Rickert Farmery",
          "Ernst Malcher"
        ],
        "countriesBanned": [
          "Nigeria",
          "Lithuania",
          "Burkina Faso"
        ],
        "numLikes": 0,
        "rating": 0,
        "numRatings": 0
      }
    ],
    "currentUser": {
      "credentials": {
        "name": "Iancu",
        "password": "corega",
        "accountType": "standard",
        "country": "Japan",
        "balance": "50"
      },
      "tokensCount": 0,
      "numFreePremiumMovies": 15,
      "purchasedMovies": [],
      "watchedMovies": [],
      "likedMovies": [],
      "ratedMovies": []
    }
  }
]