[ {
  "error" : null,
  "currentMoviesList" : [ ],
  "currentUser" : {
    "credentials" : {
      "name" : "Ramsi",
      "password" : "numiplacevelea",
      "accountType" : "standard",
      "country" : "Romania",
      "balance" : "300"
    },
    "tokensCount" : 0,
    "numFreePremiumMovies" : 15,
    "purchasedMovies" : [ ],
    "watchedMovies" : [ ],
    "likedMovies" : [ ],
    "ratedMovies" : [ ]
  }
}, {
  "error" : "Error",
  "currentMoviesList" : [ ],
  "currentUser" : null
}, {
  "error" : null,
  "currentMoviesList" : [ ],
  "currentUser" : {
    "credentials" : {
      "name" : "Mihail",
      "password" : "discret",
      "accountType" : "premium",
      "country" : "Russia",
      "balance" : "1337"
    },
    "tokensCount" : 0,
    "numFreePremiumMovies" : 15,
    "purchasedMovies" : [ ],
    "watchedMovies" : [ ],
    "likedMovies" : [ ],
    "ratedMovies" : [ ]
  }
}, {
  "error" : null,
  "currentMoviesList" : [ ],
  "currentUser" : {
    "credentials" : {
      "name" : "Mihail",
      "password" : "discret",
      "accountType" : "premium",
      "country" : "Russia",
      "balance" : "1337"
    },
    "tokensCount" : 0,
    "numFreePremiumMovies" : 15,
    "purchasedMovies" : [ ],
    "watchedMovies" : [ ],
    "likedMovies" : [ ],
    "ratedMovies" : [ ]
  }
}, {
  "error" : null,
  "currentMoviesList" : [ ],
  "currentUser" : {
    "credentials" : {
      "name" : "Mihail",
      "password" : "discret",
      "accountType" : "premium",
      "country" : "Russia",
      "balance" : "1337"
    },
    "tokensCount" : 0,
    "numFreePremiumMovies" : 15,
    "purchasedMovies" : [ ],
    "watchedMovies" : [ ],
    "likedMovies" : [ ],
    "ratedMovies" : [ ]
  }
} ]